position,original_index,path,domain,label,prediction,correct,zero_shot_prediction,zero_shot_correct,confidence,entropy,margin,disagreement,coverage,query_value,selection_score,adapted,queried,query_revealed_at,weights_before,weights_after_query,expert_probs,mixture_probs
0,101,i101.jpg,2,3,3,1,3,1,1.0,3.362038275319327e-17,0.0,0.0,1.0,0.0,0.0,1,0,,"[0.25,0.25,0.25,0.25]",,"[[6.4269290214986425e-34,1.6867906124022953e-18,2.2729889267427256e-31,1.0],[6.4269290214986425e-34,1.6867906124023073e-18,2.2729889267427256e-31,1.0],[6.4269290214986425e-34,1.6867906124022953e-18,2.2729889267427256e-31,1.0],[6.4269290214986425e-34,1.6867906124022953e-18,2.2729889267427256e-31,1.0]]","[6.4269290214986425e-34,1.6867906124022982e-18,2.2729889267427256e-31,1.0]"
1,67,i67.jpg,1,2,2,1,2,1,0.9989389918992505,0.0060065143532991245,0.0021220162014989885,-8.015694240832919e-17,1.0,0.0,0.0,1,0,,"[0.25,0.25,0.25,0.25]",,"[[0.001061008100749502,4.014157305702774e-34,0.9989389918992504,4.238368001060237e-27],[0.001061008100749502,4.014157305702774e-34,0.9989389918992504,4.238368001060237e-27],[0.001061008100749502,4.014157305702774e-34,0.9989389918992504,2.290180973959681e-36],[0.001061008100749502,4.014157305702774e-34,0.9989389918992504,9.250360558019429e-33]]","[0.0010610081007495023,4.014157305702775e-34,0.9989389918992505,2.1191863136928036e-27]"
2,36,i36.jpg,0,1,1,1,1,1,0.9999999999960003,7.86038959038963e-11,7.999267914726715e-12,9.061315084063763e-13,1.0,4.1451962951931957e-08,4.1451962951931957e-08,1,0,,"[0.25,0.25,0.25,0.25]",,"[[5.1391447290401406e-18,0.9999999999938192,4.674005722047224e-44,6.180869477356483e-12],[5.1391447290401406e-18,0.9999999999938192,4.674005722047224e-44,6.180869477356483e-12],[5.139144729071881e-18,0.9999999999999953,4.604984370262998e-34,4.5709120792220975e-15],[5.139144729053239e-18,0.999999999996368,8.907122975821626e-41,3.6320104458827217e-12]]","[5.1391447290513495e-18,0.9999999999960003,1.151246315477524e-34,3.999580078168726e-12]"
3,114,i114.jpg,0,3,3,1,3,1,0.7707100113973467,0.38838576970952204,0.4585799772053065,0.3368722630674794,1.0,0.5076637900607084,0.5076637900607084,0,0,,"[0.25,0.25,0.25,0.25]",,"[[3.239181260099406e-38,1.0883865703018565e-35,1.6194701798041109e-22,1.0],[3.239181260099406e-38,1.0883865703018565e-35,1.6194701798041109e-22,1.0],[4.0864874098064886e-26,0.9171599544106132,1.5134733373007447e-17,0.08284004558938675],[2.2976135265658156e-33,5.023132659471712e-19,8.720393038105607e-21,1.0]]","[1.02162190989358e-26,0.2292899886026533,3.785944415020379e-18,0.7707100113973467]"
4,1,i1.jpg,1,0,0,1,0,1,0.9999997577895489,2.8370985624278e-06,4.842867089571712e-07,1.2115164748825802e-07,1.0,7.004888863178242e-05,7.004888863178242e-05,1,0,,"[0.25,0.25,0.25,0.25]",,"[[0.9999995158523399,4.8414766010642e-07,5.237391795676114e-35,6.318962729462974e-22],[0.9999995158523399,4.841476601064217e-07,5.237391795676114e-35,6.318962729462974e-22],[0.9999999994632276,1.950082133744718e-17,7.884442287833695e-33,5.367723861139101e-10],[0.999999999990288,9.711217843132556e-12,6.065904060561915e-37,7.794639717155182e-16]]","[0.9999997577895489,2.4207625786254644e-07,1.997449178538319e-33,1.3419329139478645e-10]"
5,23,i23.jpg,2,0,0,1,0,1,0.7501402744027831,0.405564962149142,0.499715157402558,0.40411553255820754,1.0,0.5472536377365591,0.5472536377365591,0,0,,"[0.25,0.25,0.25,0.25]",,"[[0.9999999821667444,1.7833246270211647e-08,9.217566221784809e-15,1.8589932393553715e-25],[0.9999999821667444,1.7833246270211773e-08,9.217566221784809e-15,1.8589932393553715e-25],[0.000742172084188497,0.9992406530853315,1.715871705173257e-05,1.6113428206840738e-08],[0.9998189611934549,0.00018103846954013232,3.370049977143426e-10,5.446421181235778e-18]]","[0.7501402744027831,0.24985543180534103,4.289763518791354e-06,4.02835705307179e-09]"
6,13,i13.jpg,1,0,3,0,1,0,0.5644113500035326,0.5182085347668239,0.8647297437189538,0.09028130982945845,1.0,0.3603303174103745,0.3603303174103745,0,0,,"[0.25,0.25,0.25,0.25]",,"[[0.012881414133149818,0.6305114959621656,6.069059946860674e-20,0.35660708990468476],[0.01288141413314976,0.6305114959621672,6.069059946860603e-20,0.35660708990468304],[6.170579839752088e-10,0.0814988765975074,2.6046380569099947e-25,0.9185011227854346],[2.7396212566661067e-05,0.37404250636810554,7.546500268744899e-25,0.6259300974193278]]","[0.006447556273981056,0.42914109372248643,3.034555351276133e-20,0.5644113500035326]"
7,16,i16.jpg,1,0,0,1,0,1,0.9999999965064784,5.1591219333078675e-08,6.987043166262197e-09,3.4935216032639354e-09,1.0,5.648672664717634e-06,5.648672664717634e-06,1,0,,"[0.25,0.25,0.25,0.25]",,"[[1.0,9.675296273284522e-30,6.568700755291387e-21,2.6743654732951303e-50],[1.0,9.675296273284522e-30,6.568700755291387e-21,2.6743654732951303e-50],[0.9999999860259137,5.363775866007096e-32,1.3974086419840424e-08,9.295464242386482e-39],[1.0,1.5979001642039915e-36,9.009321593000142e-18,2.9550419936931845e-51]]","[0.9999999965064784,4.85105797578232e-30,3.493521607215721e-09,2.3238660606107312e-39]"
8,107,i107.jpg,2,3,3,1,3,1,0.9999999999999973,5.568847860157825e-14,5.329070518200751e-15,-4.0042831297678576e-17,1.0,0.0,0.0,1,0,,"[0.25,0.25,0.25,0.25]",,"[[1.782590501794202e-57,7.324367395982406e-35,5.324984100405756e-27,1.0],[1.782590501794202e-57,7.324367395982406e-35,5.324984100405756e-27,1.0],[4.4340849547050446e-36,1.0790203323744368e-14,6.708466183525537e-22,0.9999999999999891],[2.1780534617687494e-52,1.0933989829668633e-26,7.732014874196727e-26,1.0]]","[1.1085212386762611e-36,2.6975508309388254e-15,1.6773364711737414e-22,0.9999999999999973]"
9,27,i27.jpg,0,0,0,1,0,1,0.9999999891935696,1.507918467848722e-07,2.161170165049242e-08,5.403792636897286e-09,1.0,9.340257408304418e-06,9.340257408304418e-06,1,0,,"[0.25,0.25,0.25,0.25]",,"[[0.9999999783894531,4.513413427684467e-15,2.1610542500495606e-08,1.0287181434806434e-18],[0.9999999783894531,4.513413427684467e-15,2.1610542500495606e-08,1.0287181434806434e-18],[0.9999999999953721,2.1724422378345924e-20,3.5490966146365208e-28,4.627880967926304e-12],[1.0,2.4935378370245716e-21,1.1845767657398979e-21,6.888656755851982e-19]]","[0.9999999891935696,2.2567127683322875e-15,1.0805271250248099e-08,1.1569709285570665e-12]"
10,5,i5.jpg,2,0,0,1,0,1,0.9999999999999835,3.4251090910878127e-13,3.3084646133829665e-14,9.673728585265025e-29,1.0,3.2118562686470975e-14,3.2118562686470975e-14,1,0,,"[0.25,0.25,0.25,0.25]",,"[[0.9999999999999669,2.9093793695888733e-24,3.317131251501037e-14,1.1726905243980546e-33],[0.9999999999999669,2.909379369588894e-24,3.317131251501037e-14,1.1726905243980546e-33],[1.0,1.4227294291978756e-30,1.648390002223861e-33,7.814123083924956e-23],[1.0,3.8511704790088747e-32,4.129928333371687e-28,5.4866606443961376e-33]]","[0.9999999999999835,1.4546900501047253e-24,1.658565625750529e-14,1.95353077117704e-23]"
11,50,i50.jpg,2,1,1,1,1,1,0.9999999998465328,2.6123220564711412e-09,3.0693447783392003e-10,1.1442147662620165e-10,1.0,6.686180374431594e-07,6.686180374431594e-07,1,0,,"[0.25,0.25,0.25,0.25]",,"[[2.6972088596421494e-13,0.9999999999997302,9.451048415684754e-52,5.984086777143951e-33],[2.697208859642111e-13,0.9999999999997302,9.45104841568462e-52,5.984086777143865e-33],[5.458701181069669e-10,0.99999999945413,1.5530722488502244e-33,4.672586452034835e-22],[6.745920099977155e-11,0.9999999999325409,1.6912298464810044e-47,3.723123185383607e-30]]","[1.5346719021966674e-10,0.9999999998465328,3.882680622125603e-34,1.1681466223464372e-22]"
12,84,i84.jpg,0,2,2,1,2,1,0.7290042214253294,0.42144494480969086,0.5419915571493412,0.36943735162333774,1.0,0.5379730875938827,0.5379730875938827,0,0,,"[0.25,0.25,0.25,0.25]",,"[[1.1303923145830215e-43,9.577090720023424e-44,0.9999999999999285,7.154325776919982e-14],[1.1303923145830215e-43,9.577090720023287e-44,0.9999999999999285,7.154325776919982e-14],[9.470176251541706e-27,1.3628102508404854e-29,8.854982099594166e-15,0.9999999999999911],[3.2747544670386395e-33,1.4590559332195152e-33,0.9160168857014518,0.08398311429854823]]","[2.367544881574043e-27,3.407390391084566e-30,0.7290042214253294,0.2709957785746706]"
13,44,i44.jpg,2,1,2,0,2,0,0.7500230635539762,0.4056915615481397,0.49994516251595233,0.40544956908575136,1.0,0.5479121602634771,0.5479121602634771,0,0,,"[0.25,0.25,0.25,0.25]",,"[[2.1099616774469152e-23,2.542853080128847e-18,0.999999999999996,4.036497176647474e-15],[2.1099616774469152e-23,2.542853080128847e-18,0.999999999999996,4.036497176647474e-15],[0.9998729042703186,6.328532174125133e-13,9.225596078995357e-05,3.483976825888947e-05],[9.395678852659506e-12,1.9297361174454396e-15,0.9999999982551229,1.7354794801627112e-09]]","[0.24996822606992858,1.5869700980902977e-13,0.7500230635539762,8.710375936610658e-06]"
14,98,i98.jpg,2,3,3,1,3,1,0.9993398958187176,0.003963014174504659,0.0013202083345708049,0.0006605761779898766,1.0,0.013782124788499672,0.013782124788499672,1,0,,"[0.25,0.25,0.25,0.25]",,"[[5.094125750752798e-52,1.57629808791838e-36,8.877054095521666e-35,1.0],[5.094125750752798e-52,1.57629808791838e-36,8.877054095521666e-35,1.0],[0.00264041661315391,1.1197586280021489e-10,4.870333579386796e-24,0.9973595832748703],[9.703608732475378e-31,2.170374613422729e-25,7.317831776484159e-33,1.0]]","[0.0006601041532884775,2.7993965700053776e-11,1.217583396720542e-24,0.9993398958187176]"
15,100,i100.jpg,1,3,3,1,3,1,0.518464721280008,0.49950800719163824,0.9630705574368159,0.45198775953006554,1.0,0.6089145842008314,0.6089145842008314,0,0,,"[0.25,0.25,0.25,0.25]",,"[[3.9166437734668603e-20,1.8184417836129033e-12,6.466945110874135e-23,0.9999999999981815],[3.9166437734668603e-20,1.8184417836129033e-12,6.466945110874135e-23,0.9999999999981815],[1.022071194465595e-13,0.9999999999998448,1.3264435130974801e-24,5.3030633150157214e-14],[1.2570080870765933e-11,0.9261411148638139,1.0642027986119029e-19,0.07385888512361609]]","[3.168072017136342e-12,0.4815352787168239,2.6637736301730216e-20,0.518464721280008]"
16,111,i111.jpg,0,3,3,1,3,1,0.7580607802789776,0.3991251445316985,0.4838784394420448,0.3734352473510193,1.0,0.5302021266218416,0.5302021266218416,0,0,,"[0.25,0.25,0.25,0.25]",,"[[4.1406657903485725e-47,3.912026717448416e-25,5.1031246782277064e-33,1.0],[4.1406657903485725e-47,3.912026717448416e-25,5.1031246782277064e-33,1.0],[2.0940982557125096e-25,0.9677568788829807,4.794144187184395e-29,0.03224312111701935],[9.021664390124217e-39,1.108630757774904e-12,1.263798996988926e-32,0.9999999999988913]]","[5.235245639281499e-26,0.24193921972102234,1.1991071527792575e-29,0.7580607802789776]"
17,117,i117.jpg,0,3,3,1,3,1,0.5060963911951887,0.6580378088180258,0.9075657846217196,0.5245546309338767,1.0,0.7014776811436851,0.7014776811436851,0,1,119,"[0.25,0.25,0.25,0.25]","[0.45951177075043426,0.45951177075043426,0.005000454511770756,0.0759760039873607]","[[1.8780714114987085e-11,2.6621448194865316e-12,1.0427333591031623e-12,0.9999999999775144],[1.8780714114987085e-11,2.66214481948656e-12,1.0427333591031623e-12,0.9999999999775144],[1.6138716893511332e-30,0.9989456150625078,0.0010543849374679774,2.4230226592613714e-14],[2.259001007810734e-16,0.6557030881998006,0.31991134697449763,0.024385564825701516]]","[9.390413532518737e-12,0.4136621758169082,0.08024143297851277,0.5060963911951887]"
18,99,i99.jpg,0,3,3,1,3,1,0.9999998677716773,1.6061219256966098e-06,2.64456645471256e-07,1.211640079148537e-08,1.0,2.6897838428011585e-05,2.6897838428011585e-05,1,0,,"[0.25,0.25,0.25,0.25]",,"[[2.037914194317646e-38,1.970095940371481e-07,5.687538448382866e-35,0.999999802990406],[2.037914194317646e-38,1.9700959403714951e-07,5.687538448382866e-35,0.999999802990406],[1.108313499632678e-22,5.969763779156747e-08,6.7615827014844724e-34,0.9999999403023623],[2.7133658952136328e-33,7.519646513312291e-08,6.3099173827065e-38,0.9999999248035348]]","[2.7707837491495303e-23,1.32228322749747e-07,1.974930345724829e-34,0.9999998677716773]"
19,87,i87.jpg,0,2,2,1,2,1,0.9999999849461872,2.0644791968827107e-07,3.010762550381685e-08,1.5053812964094432e-08,1.0,1.4593260744402195e-05,1.4593260744402195e-05,1,0,,"[0.25,0.25,0.25,0.25]",,"[[1.2087133297844825e-21,4.086894229330645e-41,1.0,3.2114806440799774e-28],[1.2087133297844825e-21,4.086894229330645e-41,1.0,3.2114806440799774e-28],[6.021525112365077e-08,1.9392270260083197e-29,0.9999999397847489,7.739068932146787e-22],[2.192973757594269e-17,1.2547884983408076e-39,1.0,3.113872767711436e-28]]","[1.505381278639573e-08,4.8480675653549306e-30,0.9999999849461872,1.9347696172452108e-22]"
20,110,i110.jpg,2,3,3,1,3,1,1.0,4.711727648198867e-20,0.0,0.0,1.0,0.0,0.0,1,0,,"[0.25,0.25,0.25,0.25]",,"[[3.7090224408788363e-56,1.1055796747244196e-40,2.7283117670865224e-36,1.0],[3.7090224408788363e-56,1.1055796747244196e-40,2.7283117670865224e-36,1.0],[2.8498310105461157e-29,9.455808994868064e-21,1.4555963203469553e-43,1.0],[2.9733414004766974e-46,1.4723302278123158e-32,5.911226259655779e-43,1.0]]","[7.124577526365289e-30,2.3639522487206966e-21,1.3641560677138257e-36,1.0]"
21,97,i97.jpg,1,3,3,1,3,1,0.9999999975687008,3.654038525609635e-08,4.862598323995826e-09,2.4312991698959422e-09,1.0,4.462078172801192e-06,4.462078172801192e-06,1,0,,"[0.25,0.25,0.25,0.25]",,"[[3.308522098496702e-44,1.0004940026410053e-29,2.682366034004144e-17,1.0],[3.308522098496702e-44,1.0004940026410053e-29,2.682366034004144e-17,1.0],[4.003103499989445e-37,9.725196734290793e-09,5.196407571747908e-19,0.9999999902748032],[4.2778187900564625e-45,3.240345484654807e-20,1.4321777037791755e-18,1.0]]","[1.0007760511180132e-37,2.4312991835807993e-09,1.3899784785259212e-17,0.9999999975687008]"
22,20,i20.jpg,2,0,1,0,1,0,0.9999999999999971,5.828372705954361e-14,5.662137425588298e-15,4.0042831297689176e-17,1.0,1.3264494308528104e-10,1.3264494308528104e-10,1,0,,"[0.25,0.25,0.25,0.25]",,"[[5.5216958453836946e-15,0.9999999999999944,7.868216342876393e-44,2.515909362617394e-36],[5.5216958453836165e-15,0.9999999999999944,7.868216342876282e-44,2.5159093626173583e-36],[5.0091114798262975e-23,0.9999999999999998,1.5882784576104162e-21,2.3547245030314447e-16],[2.5721063413716697e-20,1.0,2.0906940416059178e-36,1.857099224239548e-28]]","[2.76085436548046e-15,0.9999999999999971,3.9706961440260457e-22,5.886811257583255e-17]"
23,34,i34.jpg,1,1,1,1,1,1,1.0,1.0771552862294772e-19,0.0,0.0,1.0,0.0,0.0,1,0,,"[0.25,0.25,0.25,0.25]",,"[[7.988858471744424e-25,1.0,1.3948784627444513e-41,1.0457406415739944e-24],[7.988858471744311e-25,1.0,1.3948784627444513e-41,1.0457406415739797e-24],[4.530354259793027e-28,1.0,6.583738481079176e-44,2.1611574225160514e-20],[1.439279932020417e-28,1.0,9.762671773745125e-48,1.8060011048317704e-24]]","[3.995921644420137e-25,1.0,6.990854100592898e-42,5.403867926887123e-21]"
24,88,i88.jpg,1,2,2,1,2,1,0.7499831950926639,0.4056523792603202,0.5000336098146723,0.40552364070137836,1.0,0.5479278832416897,0.5479278832416897,0,0,,"[0.25,0.25,0.25,0.25]",,"[[7.555413757160208e-20,1.2238421340540978e-21,0.9999999999914855,8.51459693464986e-12],[7.555413757160208e-20,1.2238421340540978e-21,0.9999999999914855,8.51459693464986e-12],[1.2852490951041334e-26,3.961815904390029e-18,3.0259442611827146e-08,0.9999999697405573],[8.945613433056403e-23,3.6124508937013895e-19,0.9999327501282422,6.72498717577771e-05]]","[3.779943603250642e-20,1.081377169507069e-18,0.7499831950926639,0.2500168049073361]"
25,10,i10.jpg,1,0,0,1,0,1,0.8353998560558157,0.33465152957054656,0.3259218016742359,0.20680303284374396,1.0,0.4105662437084041,0.4105662437084041,1,0,,"[0.25,0.25,0.25,0.25]",,"[[0.9999999976204155,2.2829292499113187e-09,9.665542017629568e-11,4.951042420974803e-32],[0.9999999976204155,2.2829292499113265e-09,9.665542017629568e-11,4.951042420974803e-32],[0.3416014162090278,0.012497982609161212,0.6452848939220657,0.0006157072597452894],[0.9999980127734047,2.5042176538505476e-07,1.7368048300856371e-06,3.892249459599069e-20]]","[0.8353998560558157,0.0031245593991962735,0.1613216577300516,0.0001539268149363223]"
26,39,i39.jpg,0,1,1,1,1,1,0.9999999999999991,1.7830008515939225e-14,1.7763568394002505e-15,4.0042831297686544e-17,1.0,8.93769319839688e-11,8.93769319839688e-11,1,0,,"[0.25,0.25,0.25,0.25]",,"[[2.223438595083011e-27,0.9999999999999987,7.227592216414725e-52,1.3657891971211095e-15],[2.2234385950829793e-27,0.9999999999999987,7.22759221641452e-52,1.3657891971210902e-15],[2.698710730157846e-26,0.9999999999999993,2.2433066699910006e-57,7.012918201270992e-16],[5.437536673373954e-28,1.0,1.3437373322703328e-60,1.6797714219574216e-17]]","[7.994434539770462e-27,0.9999999999999991,3.61380171983333e-52,8.624169821472182e-16]"
27,105,i105.jpg,0,3,3,1,3,1,0.9999999999999625,7.766568771281946e-13,7.51620987671231e-14,-4.0042831296984273e-17,1.0,0.0,0.0,1,0,,"[0.25,0.25,0.25,0.25]",,"[[4.444238330969662e-41,9.591193226319168e-15,4.268330726337762e-26,0.9999999999999905],[4.444238330969662e-41,9.591193226319304e-15,4.268330726337762e-26,0.9999999999999905],[3.318956289286518e-39,1.1361375083267016e-13,1.9351024550773529e-44,0.9999999999998863],[6.547854356295251e-43,1.7636162222556993e-14,3.2487506813216578e-37,0.9999999999999825]]","[8.521239603353851e-40,3.7608074876966404e-14,2.134165363177003e-26,0.9999999999999625]"
28,113,i113.jpg,2,3,3,1,3,1,0.929688840171455,0.18354188349798076,0.14062231965708993,0.0763992345735958,1.0,0.2411430394089758,0.2411430394089758,1,0,,"[0.25,0.25,0.25,0.25]",,"[[2.4378778551472124e-34,4.432626559716032e-19,5.087006919558638e-30,1.0],[2.4378778551472124e-34,4.432626559716032e-19,5.087006919558638e-30,1.0],[4.799475488175929e-23,0.28124463898191193,1.0728238217557374e-20,0.718755361018088],[1.7738157500954868e-30,3.322680801853855e-10,1.399225652246313e-26,0.999999999667732]]","[1.1998689164015655e-23,0.07031115982854501,2.6820630549969775e-21,0.929688840171455]"
29,72,i72.jpg,0,2,2,1,2,1,0.7499650870110328,0.4056667277741047,0.5000698259779336,0.40541799942043943,1.0,0.5478867593342264,0.5478867593342264,0,0,,"[0.25,0.25,0.25,0.25]",,"[[5.166523499385131e-24,4.4499129099628735e-27,1.0,7.246679360124712e-21],[5.166523499385131e-24,4.4499129099628735e-27,1.0,7.246679360124712e-21],[3.295937753805653e-17,4.402743813092492e-22,8.93448023183536e-16,0.9999999999999991],[3.0519264633914433e-15,3.2276243090803245e-19,0.9998603480441303,0.00013965195586651742]]","[7.712214628156367e-16,8.080067854729188e-20,0.7499650870110328,0.2500349129889664]"
30,52,i52.jpg,1,1,1,1,1,1,0.9999999993660843,1.014268527936192e-08,1.2676883986983967e-09,2.95701365286061e-10,1.0,1.4421223021502117e-06,1.4421223021502117e-06,1,0,,"[0.25,0.25,0.25,0.25]",,"[[1.2565400283768965e-09,0.9999999987434598,1.317528550956725e-16,6.936919180495641e-32],[1.2565400283768965e-09,0.9999999987434598,1.317528550956725e-16,6.936919180495641e-32],[1.8468546522804253e-12,0.9999999999975817,3.214559894180544e-14,5.393541655470051e-13],[2.0163769377085946e-11,0.9999999999798359,1.5682376474270736e-16,6.89042665394405e-24]]","[6.337726701957899e-10,0.9999999993660843,8.141482104184874e-15,1.348385413884739e-13]"
31,11,i11.jpg,2,0,0,1,0,1,0.7499999962697435,0.4056391128612926,0.5000000039993394,0.4056390603589783,1.0,0.5479738880878381,0.5479738880878381,0,0,,"[0.25,0.25,0.25,0.25]",,"[[0.9999999999997982,2.298577406170838e-24,2.0175002310771826e-13,2.5841698809993242e-37],[0.9999999999997982,2.2985774061708542e-24,2.0175002310771826e-13,2.5841698809993242e-37],[7.071914314502449e-11,0.9999999999196809,9.599987186610605e-12,2.4951775034451807e-17],[0.9999999850086583,1.1566504936734008e-09,1.3834691286501207e-08,2.2346221941109297e-25]]","[0.7499999962697435,0.25000000026908287,3.461173693433508e-09,6.237943814478506e-18]"
32,83,i83.jpg,2,2,3,0,3,0,0.7779362366623186,0.38436675432190265,0.443661732423021,0.3178126573263611,1.0,0.4961797112335659,0.4961797112335659,0,0,,"[0.25,0.25,0.25,0.25]",,"[[8.261904943216162e-27,2.2218324827362284e-28,0.0009065298450203769,0.9990934701549797],[8.261904943216162e-27,2.2218324827361966e-28,0.0009065298450203769,0.9990934701549797],[0.8863918763413396,4.5551035182731287e-10,9.473087941879726e-08,0.1136080284722706],[1.9022087085109358e-14,8.062953777347818e-20,5.002213293611059e-05,0.9999499778670449]]","[0.2215979690853396,1.1387758797698558e-10,0.0004657941384640707,0.7779362366623186]"
33,8,i8.jpg,2,0,0,1,0,1,0.7582474827809005,0.4152577517960569,0.4789563565097581,0.37282335423405843,1.0,0.5369579613265578,0.5369579613265578,0,0,,"[0.25,0.25,0.25,0.25]",,"[[0.9999999965866928,3.413307091013396e-09,1.2459949639909036e-42,2.8488910794692197e-34],[0.9999999965866928,3.4133070910134205e-09,1.2459949639909036e-42,2.8488910794692197e-34],[0.03299048364298387,0.018194159194382144,0.9488153571626341,3.1750358697423294e-22],[0.9999994543072324,5.45692767623012e-07,2.1057817791151928e-24,1.0066906985275235e-30]]","[0.7582474827809005,0.004548677928440987,0.23720383929065852,7.937589699537335e-23]"
34,9,i9.jpg,0,0,0,1,0,1,0.75001845685096,0.40562506953276917,0.49996303249042173,0.4054784819460974,1.0,0.5478952476988781,0.5478952476988781,0,0,,"[0.25,0.25,0.25,0.25]",,"[[0.9999999999958298,4.170157385550561e-12,6.042607392972787e-29,9.366337185532281e-39],[0.9999999999958298,4.170157385550591e-12,6.042607392972787e-29,9.366337185532281e-39],[7.520806946480999e-05,0.9999245766999024,2.1523060072249084e-07,3.228749176968538e-14],[0.9999986193427159,1.3806572841606e-06,1.1065630763356373e-18,5.609208059286155e-28]]","[0.75001845685096,0.24998148934138173,5.380765018089935e-08,8.071872942421485e-15]"
35,37,i37.jpg,1,1,1,1,0,0,0.6716569572317505,0.456612251390282,0.6566860855364991,0.224623589828707,1.0,0.46809532944190674,0.46809532944190674,0,0,,"[0.25,0.25,0.25,0.25]",,"[[0.6566860855344703,0.3433139144655297,1.4009663727928474e-17,4.7451726589107586e-30],[0.6566860855344686,0.34331391446553133,1.400966372792844e-17,4.745172658910747e-30],[3.133880463048861e-24,1.0,1.0348862643613325e-25,6.112843444233129e-27],[4.059277401086819e-12,0.9999999999959408,1.0097310564135205e-22,4.553612748804087e-30]]","[0.3283430427682495,0.6716569572317505,7.004857133112797e-18,1.5317218505749385e-27]"
36,22,i22.jpg,1,0,0,1,0,1,0.9999999999999997,7.447543052492799e-15,6.661338147750939e-16,-4.0042831297686304e-17,1.0,0.0,0.0,1,0,,"[0.25,0.25,0.25,0.25]",,"[[1.0,1.477006881475885e-20,6.677488025325708e-33,2.675579053587198e-44],[1.0,1.4770068814758957e-20,6.677488025325708e-33,2.675579053587198e-44],[0.9999999999999984,2.7621167816360306e-25,1.4463766545173507e-15,2.6748447019797463e-25],[1.0,6.1424700958074705e-27,3.3005605426528916e-28,2.006161135595824e-39]]","[0.9999999999999997,7.385104995916518e-21,3.6159416362942026e-16,6.687111754949417e-26]"
37,19,i19.jpg,1,0,2,0,2,0,0.9529828565392475,0.1367941278419843,0.09403428691570359,0.024345557866249756,1.0,0.14933527125814797,0.14933527125814797,1,0,,"[0.25,0.25,0.25,0.25]",,"[[0.09403428690990193,4.7825616192639556e-30,0.9059657130900981,2.483358476609337e-19],[0.09403428690990193,4.782561619264023e-30,0.9059657130900981,2.483358476609337e-19],[3.4929143999028153e-25,2.3205547948758354e-11,0.9999999999767946,8.30251014450677e-31],[8.171042231438125e-16,2.6673999954590543e-24,0.9999999999999991,6.8640897204643e-29]]","[0.047017143454951164,5.801386987190256e-12,0.9529828565392475,1.2416792384783464e-19]"
38,66,i66.jpg,0,2,2,1,2,1,0.9989048540474635,0.006178169992630318,0.0021897388448606225,0.0010964454229715254,1.0,0.018921212254693412,0.018921212254693412,1,0,,"[0.25,0.25,0.25,0.25]",,"[[2.5061229179750472e-37,3.4108202642712186e-28,0.9999999999999059,9.422961696408516e-14],[2.5061229179750472e-37,3.4108202642712186e-28,0.9999999999999059,9.422961696408516e-14],[3.310404383644329e-28,2.2122408490754236e-06,0.9956194163813639,0.004378371377786996],[4.6999843545419497e-38,8.466558792348997e-20,0.9999999998086788,1.913211219542302e-10]]","[8.276010972816434e-29,5.530602122688771e-07,0.9989048540474635,0.0010945928923241444]"
39,81,i81.jpg,0,2,2,1,2,1,1.0,1.857335570127129e-23,0.0,0.0,1.0,0.0,0.0,1,0,,"[0.25,0.25,0.25,0.25]",,"[[9.832038448426405e-26,2.973514666789515e-52,1.0,1.837347059676116e-45],[9.832038448426405e-26,2.973514666789515e-52,1.0,1.837347059676116e-45],[3.5307035448661445e-24,4.660183903955175e-40,1.0,2.7552574121342197e-30],[7.772172076516115e-29,4.346712855567905e-51,1.0,8.718672111447138e-42]]","[9.318555088888596e-25,1.1650459760011473e-40,1.0,6.888143530357354e-31]"
40,55,i55.jpg,1,1,1,1,1,1,0.5374847568420382,0.497970955923812,0.9250304863159236,0.4210713579960901,1.0,0.5940913623498295,0.5940913623498295,0,0,,"[0.25,0.25,0.25,0.25]",,"[[2.961253389703954e-06,0.9999970387466103,3.354109756525029e-47,1.4354816501077562e-18],[2.961253389703912e-06,0.9999970387466103,3.3541097565249813e-47,1.4354816501077358e-18],[0.9994492114370491,0.0005507885629509639,1.8507436142644958e-38,1.576378516712394e-21],[0.8506058386880184,0.1493941613119816,2.8104718923570064e-46,1.274999872515026e-20]]","[0.4625152431579618,0.5374847568420382,4.626859122693585e-39,7.213224193643386e-19]"
41,4,i4.jpg,1,0,0,1,0,1,0.9999999999999999,3.2890679061412573e-15,2.220446049250313e-16,8.891294655574471e-33,1.0,3.0809119093702543e-16,3.0809119093702543e-16,1,0,,"[0.25,0.25,0.25,0.25]",,"[[1.0,1.356895449982521e-35,8.893715680709827e-17,4.9399364443337194e-46],[1.0,1.356895449982521e-35,8.893715680709827e-17,4.9399364443337194e-46],[0.9999999999999996,2.6347778077976766e-22,4.656601985543878e-16,2.223417359909781e-27],[1.0,2.0576658942755032e-33,4.6516492501825585e-19,1.6641933613139678e-41]]","[0.9999999999999999,6.586944519546312e-23,1.6099991927340065e-16,5.558543399774493e-28]"
42,25,i25.jpg,1,0,0,1,0,1,0.9566629407498308,0.1286943898769935,0.08667411289985771,0.0443878868935476,1.0,0.17876179024524405,0.17876179024524405,1,0,,"[0.25,0.25,0.25,0.25]",,"[[0.9996715984243949,0.00032840157560502483,8.993498913284079e-22,1.131481355117361e-34],[0.9996715984243949,0.0003284015756050295,8.993498913284079e-22,1.131481355117361e-34],[0.8274872708012045,0.17251270679687308,1.655141047147635e-20,2.240192244357801e-08],[0.9998212953493291,0.00017870465067099762,3.5484547618387284e-24,2.0416751482105058e-24]]","[0.9566629407498308,0.04333705364968853,4.5884146772237516e-21,5.600480610894504e-09]"
43,92,i92.jpg,2,3,0,0,0,0,0.5000000034473422,0.534787368061542,0.990203513397964,0.5049677174614705,1.0,0.6463705859773272,0.6463705859773272,0,0,,"[0.25,0.25,0.25,0.25]",,"[[0.9999999027666461,7.439554614147652e-08,2.0104355871006868e-14,2.2837787586602848e-08],[0.9999999027666461,7.439554614147652e-08,2.0104355871006868e-14,2.2837787586602848e-08],[6.472690969488092e-26,5.24176278896253e-08,0.9999999475823721,1.1285552001626312e-24],[2.0825607663525522e-07,0.03918567192476562,0.9608141197988123,2.0345436888238596e-11]]","[0.5000000034473422,0.009796468283371447,0.49020351684530616,1.1423980152523483e-08]"
44,109,i109.jpg,1,3,3,1,3,1,0.7500190518251992,0.40562396331775025,0.4999618963495679,0.4054799036362487,1.0,0.5478953899704553,0.5478953899704553,0,0,,"[0.25,0.25,0.25,0.25]",,"[[1.7333577980803403e-33,1.5060479259586998e-22,9.144609934901712e-24,1.0],[1.7333577980803403e-33,1.5060479259587104e-22,9.144609934901712e-24,1.0],[1.3718478929504158e-23,1.345732343128862e-13,0.9999237917254324,7.620827443307224e-05],[2.022252207097642e-28,1.1914838296670744e-16,9.736361751811166e-10,0.9999999990263637]]","[3.4296702895478955e-24,3.3673095749265624e-14,0.24998094817476715,0.7500190518251992]"
45,53,i53.jpg,2,1,1,1,1,1,0.750089733000526,0.4225231233845625,0.49507655142574003,0.4049891053690736,1.0,0.5551767548233238,0.5551767548233238,0,0,,"[0.25,0.25,0.25,0.25]",,"[[5.701034837765567e-20,0.9999999999999998,3.1343116326320958e-27,1.5374901263345225e-16],[5.701034837765486e-20,0.9999999999999998,3.1343116326320513e-27,1.5374901263345008e-16],[0.018975929183217548,0.0003590805385441876,1.169219254489241e-18,0.9806649902782384],[1.1096146615777194e-09,0.9999998514635601,3.890835017827004e-23,1.474268253349987e-07]]","[0.004743982573208052,0.750089733000526,2.923145422770106e-19,0.245166284426266]"
46,74,i74.jpg,2,2,2,1,2,1,0.9999942942904817,5.3810127670252315e-05,1.1411419035045611e-05,5.7057447419842945e-06,1.0,0.0006746193394771114,0.0006746193394771114,1,0,,"[0.25,0.25,0.25,0.25]",,"[[1.520581094399395e-36,3.551777395399015e-38,1.0,3.8984691630809875e-22],[1.520581094399395e-36,3.551777395399015e-38,1.0,3.8984691630809875e-22],[9.948229944660908e-39,6.243734583084981e-15,0.9999771771619268,2.2822838066853436e-05],[4.4958778256679905e-43,3.940782155603869e-30,0.9999999999999998,1.1984142124934136e-16]]","[7.627777170828084e-37,1.5609336457712465e-15,0.9999942942904817,5.70570951674332e-06]"
47,75,i75.jpg,0,2,2,1,2,1,0.9999999999999959,8.390090001736528e-14,8.215650382226158e-15,6.543992866502811e-30,1.0,8.188477228285456e-15,8.188477228285456e-15,1,0,,"[0.25,0.25,0.25,0.25]",,"[[8.121561534131169e-15,4.557106396278648e-39,0.9999999999999918,1.9742172849870697e-23],[8.121561534131169e-15,4.557106396278648e-39,0.9999999999999918,1.9742172849870697e-23],[3.986984693098217e-30,1.2386542254454788e-37,1.0,2.4454921076207886e-34],[1.6651121420972897e-25,1.3751035761921112e-42,1.0,2.509812849736774e-32]]","[4.0607807671072135e-15,3.3245252610170344e-38,0.9999999999999959,9.871086431271018e-24]"
48,71,i71.jpg,2,2,2,1,2,1,0.9999998851678615,1.4065022247416263e-06,2.2966427670745304e-07,4.5465973104118474e-08,1.0,3.998916213065193e-05,3.998916213065193e-05,1,0,,"[0.25,0.25,0.25,0.25]",,"[[3.602498372346781e-31,4.306766484702035e-32,0.9999997786871339,2.2131286616435762e-07],[3.602498372346781e-31,4.306766484702035e-32,0.9999997786871339,2.2131286616435762e-07],[8.328290930045697e-20,1.0364412397892459e-15,0.999999985282787,1.4717211988432339e-08],[6.061741736426122e-29,2.3545891011431433e-26,0.9999999980143914,1.9856085286335076e-09]]","[2.0820727340448722e-20,2.5911030995319794e-16,0.9999998851678615,1.1483213821144527e-07]"
49,3,i3.jpg,0,0,0,1,0,1,0.7499977962708246,0.40564081050919476,0.500004407342806,0.4056199056913632,1.0,0.5479660270991076,0.5479660270991076,0,0,,"[0.25,0.25,0.25,0.25]",,"[[0.9999999999999454,5.4636192174417984e-14,4.128908328420109e-42,2.663334982423165e-46],[0.9999999999999454,5.463619217441837e-14,4.128908328420109e-42,2.663334982423165e-46],[1.5903775260653562e-07,0.9999998405000684,4.621789380526867e-10,1.4227514583380226e-20],[0.9999910260456549,8.973954345143888e-06,8.061448238871471e-26,1.6505934375685713e-33]]","[0.7499977962708246,0.2500022036136307,1.155447345131717e-10,3.5568786458454695e-21]"
50,93,i93.jpg,0,3,3,1,3,1,0.7517988353833929,0.4042135703863795,0.49640170178684295,0.39651167324581404,1.0,0.5431948232312136,0.5431948232312136,0,0,,"[0.25,0.25,0.25,0.25]",,"[[1.911115422071708e-42,3.4199702089771043e-28,6.167817406365195e-16,0.9999999999999993],[1.911115422071708e-42,3.41997020897708e-28,6.167817406365195e-16,0.9999999999999993],[8.090449479538792e-39,0.9928021486808744,2.5091376846541578e-06,0.007195342181441003],[1.5030357942390566e-43,6.906781090811828e-14,6.477992426626286e-10,0.9999999993521318]]","[2.02360550349059e-39,0.24820053717023585,6.274463712825959e-07,0.7517988353833929]"
51,82,i82.jpg,1,2,2,1,2,1,0.8558442162430223,0.29750990329410404,0.28831156751395537,0.17463582384870957,1.0,0.3731455396536287,0.3731455396536287,1,0,,"[0.25,0.25,0.25,0.25]",,"[[4.696230427153239e-49,2.0604753626961657e-49,1.0,4.638478949954933e-21],[4.696230427153239e-49,2.0604753626961365e-49,1.0,4.638478949954933e-21],[1.578962947701089e-26,1.344472029228119e-20,0.4233768649725118,0.5766231350274883],[1.2469768831637971e-42,1.6421094238329788e-38,0.9999999999995777,4.22341391738711e-13]]","[3.947407369252723e-27,3.3611800730702974e-21,0.8558442162430223,0.14415578375697766]"
52,42,i42.jpg,0,1,1,1,1,1,0.5278704170627674,0.4988817422121771,0.9442589031395447,0.43107977463991826,1.0,0.5991263479531551,0.5991263479531551,0,0,,"[0.25,0.25,0.25,0.25]",,"[[0.0010969484774612606,0.9989030515225388,1.1624358970000333e-19,1.2309719674319156e-29],[0.0010969484774612606,0.9989030515225388,1.1624358970000333e-19,1.2309719674319156e-29],[0.9992335682633516,0.0007653807972110708,1.0080965332061879e-06,4.2842904022651505e-08],[0.8870898155909744,0.1129101844087805,2.450049430389979e-13,2.7418076733699113e-19]]","[0.4721293202023122,0.5278704170627674,2.520241945528409e-07,1.0710726005731423e-08]"
53,15,i15.jpg,0,0,0,1,0,1,0.6341472789711496,0.476002375832903,0.73129945938417,0.3493117482364416,1.0,0.549887825130601,0.549887825130601,0,0,,"[0.25,0.25,0.25,0.25]",,"[[0.9999999499341231,5.006587697088601e-08,2.4219467400532104e-21,5.162503333738637e-21],[0.9999999499341231,5.006587697088637e-08,2.4219467400532104e-21,5.162503333738637e-21],[2.2117273799668162e-10,0.9983760699499785,2.8887042583185656e-17,0.0016239298288487048],[0.5365892157951795,0.4634107833395458,8.058100247902548e-17,8.652745727643491e-10]]","[0.6341472789711496,0.3654467383553196,2.7368222238922814e-17,0.00040598267353081943]"
54,30,i30.jpg,0,1,1,1,1,1,0.501472337054497,0.4999968725552153,0.997055325891006,0.4934846077245042,1.0,0.6272109517921285,0.6272109517921285,0,0,,"[0.25,0.25,0.25,0.25]",,"[[3.6153675652092716e-09,0.9999999963846324,1.429040978866672e-28,2.6102640657517415e-24],[3.615367565209246e-09,0.9999999963846324,1.4290409788666515e-28,2.6102640657517228e-24],[0.9999999999279519,7.204819001410107e-11,1.9537978353484345e-49,1.2462540630173084e-23],[0.9941106446233251,0.005889355376675011,2.9496093794889564e-39,2.173535435242396e-22]]","[0.498527662945503,0.501472337054497,7.145204894407049e-29,5.875915307147904e-23]"
55,2,i2.jpg,2,0,0,1,0,1,0.5000055945518027,0.5001340796518811,0.9999723970426189,0.4999609200358022,1.0,0.6300004153890044,0.6300004153890044,0,0,,"[0.25,0.25,0.25,0.25]",,"[[1.0,6.899907648277944e-20,2.3621525889887076e-21,7.489565252098193e-40],[1.0,6.899907648278043e-20,2.3621525889887076e-21,7.489565252098193e-40],[2.6657077148586013e-30,2.5387435061218718e-08,0.999999974612565,8.847390113654852e-34],[2.237820721096422e-05,6.563002766788809e-05,0.9999119917651212,4.747063608275135e-29]]","[0.5000055945518027,1.641385377573736e-05,0.4999779915944216,1.1867880205815158e-29]"
56,35,i35.jpg,2,1,1,1,0,0,0.5000649259112284,0.49999999391850086,0.9998701481775432,0.49943429011454543,1.0,0.6297228494715604,0.6297228494715604,0,0,,"[0.25,0.25,0.25,0.25]",,"[[0.9998566010122628,0.0001433989877371495,1.3254122320004607e-39,1.9248006272744266e-31],[0.9998566010122628,0.00014339898773715052,1.3254122320004607e-39,1.9248006272744266e-31],[1.1695980201208299e-15,0.9999999999999989,1.2048126412458319e-33,1.61574733063438e-29],[2.7094330559708863e-05,0.9999729056694403,1.5019542849544372e-37,1.9536345706402024e-30]]","[0.49993507408877164,0.5000649259112284,3.0124137187469785e-34,4.6240170006097214e-30]"
57,94,i94.jpg,1,3,3,1,3,1,1.0,2.7682604900442694e-19,0.0,0.0,1.0,0.0,0.0,1,0,,"[0.25,0.25,0.25,0.25]",,"[[2.0912654919130107e-43,1.365042265901113e-23,3.7207492233455274e-31,1.0],[2.0912654919130107e-43,1.3650422659011228e-23,3.7207492233455274e-31,1.0],[1.1181294590850309e-45,5.532835215953268e-20,3.615416148476064e-45,1.0],[1.8061712881986726e-47,1.9964321539160568e-22,4.2005475203861965e-40,1.0]]","[1.0484732238864228e-43,1.3888824055060578e-20,1.8603746127229095e-31,1.0]"
58,80,i80.jpg,2,2,2,1,2,1,0.7399580169366586,0.41342832686647024,0.5200813662370152,0.38302825840759963,1.0,0.5410162982734378,0.5410162982734378,0,0,,"[0.25,0.25,0.25,0.25]",,"[[8.362790405362118e-21,2.374987955466387e-15,0.9999999999999976,1.1718668990161258e-17],[8.362790405362118e-21,2.374987955466404e-15,0.9999999999999976,1.1718668990161258e-17],[2.657698814617687e-17,4.445915699404897e-10,3.9206526299717026e-16,0.9999999995554081],[1.0894114157061802e-12,1.0399112984930853e-05,0.9598320677466388,0.040157533139286945]]","[2.723595023549768e-13,2.5998893953126924e-06,0.7399580169366586,0.26003938317367375]"
59,43,i43.jpg,1,1,1,1,1,1,0.999999999882788,2.0179739168179035e-09,2.344241467611141e-10,1.1721189293139005e-10,1.0,6.184373958296247e-07,6.184373958296247e-07,1,0,,"[0.25,0.25,0.25,0.25]",,"[[6.959674609972347e-36,1.0,2.328656065002396e-49,2.1295822511759893e-20],[6.959674609972149e-36,1.0,2.3286560650023296e-49,2.1295822511759288e-20],[7.360154426851736e-26,0.9999999995311517,3.204195320581898e-47,4.688483801597522e-10],[5.6527163152278116e-33,0.9999999999999998,1.8542285704547455e-52,1.1736246071898538e-16]]","[1.8400387483788256e-26,0.999999999882788,8.126967460419124e-48,1.1721212439120112e-10]"
60,17,i17.jpg,2,0,0,1,0,1,0.7500000329750995,0.40563903636236115,0.4999999340348331,0.405638635502291,1.0,0.5479736623289648,0.5479736623289648,0,0,,"[0.25,0.25,0.25,0.25]",,"[[1.0,4.1326225154711634e-20,5.724085705677565e-30,4.5027496094246136e-57],[1.0,4.132622515471192e-20,5.724085705677565e-30,4.5027496094246136e-57],[1.319006023489988e-07,5.980815889859572e-11,0.9999998680395895,1.895828900000947e-36],[0.9999999999997957,6.293861797476479e-14,1.41336321445271e-13,1.2933378656014862e-46]]","[0.7500000329750995,1.4967774399805734e-11,0.2499999670099327,4.7395722503257015e-37]"
61,90,i90.jpg,0,3,3,1,3,1,0.9999999999999722,5.73900215620031e-13,5.551115123125783e-14,-4.004283129684998e-17,1.0,0.0,0.0,1,0,,"[0.25,0.25,0.25,0.25]",,"[[4.5986804634345666e-40,7.687107453981083e-28,3.7380827756222712e-28,1.0],[4.5986804634345666e-40,7.687107453981138e-28,3.7380827756222712e-28,1.0],[3.0964006293275764e-37,1.1115608637289805e-13,1.8172040283666228e-31,0.9999999999998888],[6.78270450221566e-41,2.129564905987655e-21,7.122211497422035e-31,1.0]]","[7.765690651761669e-38,2.7789022125616122e-14,1.8712762416925828e-28,0.9999999999999722]"
62,28,i28.jpg,1,0,0,1,0,1,0.999998306622799,1.7453942787539373e-05,3.3867544020349527e-06,1.6933803037632967e-06,1.0,0.00030918329227708907,0.00030918329227708907,1,0,,"[0.25,0.25,0.25,0.25]",,"[[1.0,4.701770113632672e-27,1.1430458997042281e-26,9.111060930681981e-61],[1.0,4.701770113632672e-27,1.1430458997042281e-26,9.111060930681981e-61],[0.999993226491196,6.85163577094014e-20,6.773508804051418e-06,4.661824649889271e-37],[1.0,7.97058141354231e-27,1.0353124882154914e-18,2.246959605251948e-53]]","[0.999998306622799,1.712909377088076e-20,1.6933772010131133e-06,1.1654561624723178e-37]"
63,64,i64.jpg,1,2,2,1,2,1,0.9999999999977137,4.585517066258332e-11,4.572009437708857e-12,2.279077800363709e-12,1.0,4.71030636300679e-08,4.71030636300679e-08,1,0,,"[0.25,0.25,0.25,0.25]",,"[[3.765728049795951e-33,2.757386920358615e-21,0.9999999999999967,3.3762121512587397e-15],[3.765728049795951e-33,2.7573869203586347e-21,0.9999999999999967,3.3762121512587397e-15],[1.0952434518523087e-36,2.035140485421965e-15,0.9999999999908666,9.131451521760536e-12],[2.7731728386310133e-39,3.250778142021289e-20,0.9999999999999951,4.863248185404318e-15]]","[1.883138529054148e-33,5.087946269943065e-16,0.9999999999977137,2.2857667985621146e-12]"
64,18,i18.jpg,0,0,0,1,0,1,0.8677881058600614,0.2817374270648074,0.26442371657839203,0.15703691923246715,1.0,0.353684019002548,0.353684019002548,1,0,,"[0.25,0.25,0.25,0.25]",,"[[0.9999999999999887,8.260626940595926e-23,1.1328304750707136e-14,6.090708832531112e-53],[0.9999999999999887,8.260626940595984e-23,1.1328304750707136e-14,6.090708832531112e-53],[0.47115242984955485,2.8680594091641056e-07,0.5288472833445043,1.5325275084109592e-25],[0.9999999935907133,2.59986845911225e-17,6.409286567926848e-09,1.0010603013145014e-42]]","[0.8677881058600614,7.170148523560235e-08,0.13221182243845336,3.831318771027398e-26]"
65,6,i6.jpg,0,0,1,0,1,0,0.9999903881270342,9.117203797440015e-05,1.649087957755757e-05,6.166872692735715e-06,1.0,0.0008253577151286631,0.0008253577151286631,1,0,,"[0.25,0.25,0.25,0.25]",,"[[1.375637902999036e-05,0.99998624362097,1.3616607213820958e-26,3.6968743167613483e-32],[1.3756379029990067e-05,0.99998624362097,1.3616607213820665e-26,3.696874316761296e-32],[2.99573103974263e-13,0.9999890685342842,1.0931465416293266e-05,4.122470787026081e-22],[3.2680874213933408e-09,0.9999999967319126,7.974200963639131e-17,8.873018194499935e-29]]","[6.8790066117437306e-06,0.9999903881270342,2.732866354093252e-06,1.0306179187668188e-22]"
66,65,i65.jpg,2,2,3,0,3,0,0.5804767359133371,0.4994244853271499,0.8373101087508843,0.3534859421387765,1.0,0.5609799325384495,0.5609799325384495,0,0,,"[0.25,0.25,0.25,0.25]",,"[[0.00796076351752374,0.0008226674913118128,0.002649997290878015,0.9885665717002865],[0.00796076351752374,0.0008226674913118128,0.002649997290878015,0.9885665717002865],[0.9962446466156764,2.5081956566098806e-16,1.654366504076697e-11,0.00375535336777967],[0.6589812050061618,8.603047829503366e-10,3.4724853760476027e-07,0.3410184468849958]]","[0.41778684466422145,0.00041133396073216483,0.001325085461709325,0.5804767359133371]"
67,68,i68.jpg,2,2,2,1,2,1,0.9999999865391376,1.9190363980988876e-07,2.236376261954831e-08,9.008810468815426e-09,1.0,1.2001905991979617e-05,1.2001905991979617e-05,1,0,,"[0.25,0.25,0.25,0.25]",,"[[4.702231593586049e-21,1.8951721840512172e-32,0.9999999821943543,1.780564575262123e-08],[4.702231593586049e-21,1.8951721840512172e-32,0.9999999821943543,1.780564575262123e-08],[2.7685461899477094e-28,1.8231848797187317e-08,0.9999999817681445,6.570767718475996e-15],[1.8648376777648136e-27,1.8441172311780733e-22,0.9999999999996971,3.0280512301497475e-13]]","[2.3511163322160985e-21,4.5579621992968755e-09,0.9999999865391376,8.902900220283299e-09]"
68,24,i24.jpg,0,0,0,1,0,1,0.9999999960718366,5.767775505526814e-08,7.856303607667314e-09,3.928140243131342e-09,1.0,6.0962828806482565e-06,6.0962828806482565e-06,1,0,,"[0.25,0.25,0.25,0.25]",,"[[1.0,1.5650626059664008e-20,1.560583695255938e-32,3.9352766473243206e-38],[1.0,1.5650626059664008e-20,1.560583695255938e-32,3.9352766473243206e-38],[0.9999999842873466,9.226522091751866e-14,1.5712560905741306e-08,7.971604521683941e-27],[1.0,8.231589805816196e-20,4.6607950605365344e-23,5.5078972154613446e-36]]","[0.9999999960718366,2.306633363366721e-14,3.928140226435338e-09,1.992901131817636e-27]"
69,86,i86.jpg,2,2,2,1,2,1,0.9999404352975579,0.0004609663149270985,0.0001191294048840108,5.956854178463164e-05,1.0,0.003016907906032541,0.003016907906032541,1,0,,"[0.25,0.25,0.25,0.25]",,"[[2.1154618391933096e-30,4.0752194460415365e-40,1.0,1.0382928335864716e-30],[2.1154618391933096e-30,4.0752194460415365e-40,1.0,1.0382928335864716e-30],[2.4996571419504173e-16,1.5124907092942118e-22,0.9997617411902318,0.00023825880976793473],[7.972890221033629e-26,2.572328329667164e-34,1.0,8.498914327934223e-20]]","[6.249142856869371e-17,3.78122677324196e-23,0.9999404352975579,5.9564702441983704e-05]"
70,57,i57.jpg,0,1,1,1,1,1,1.0,1.2353448847789857e-17,0.0,0.0,1.0,0.0,0.0,1,0,,"[0.25,0.25,0.25,0.25]",,"[[5.178661290589066e-31,1.0,4.303026864691791e-48,2.4032687995398132e-27],[5.178661290589066e-31,1.0,4.303026864691791e-48,2.4032687995398132e-27],[8.906824378327628e-30,1.0,1.8972808143625898e-49,2.479169959141025e-18],[3.674096444405036e-32,1.0,2.3954350899548896e-52,2.4714327201927117e-24]]","[2.4948244002223726e-30,1.0,2.1990053385822092e-48,6.197931088450708e-19]"
71,21,i21.jpg,0,0,0,1,0,1,0.999999999999982,3.7317832703540525e-13,3.608224830031759e-14,-4.0042831297339926e-17,1.0,0.0,0.0,1,0,,"[0.25,0.25,0.25,0.25]",,"[[0.9999999999999998,2.744203191632097e-16,2.6699979313768768e-46,8.922248102134639e-45],[0.9999999999999998,2.744203191632136e-16,2.6699979313768768e-46,8.922248102134639e-45],[0.9999999999999283,7.173146801105159e-14,1.6114007413965324e-29,8.480053647025152e-39],[1.0,7.920637167988159e-18,4.049074722375761e-42,5.931090982589971e-46]]","[0.999999999999982,1.80720573216365e-14,4.0285018534923434e-30,2.1200180211576136e-39]"
72,91,i91.jpg,1,3,3,1,3,1,0.9999999999995797,8.68146798232317e-12,8.406608742461685e-13,6.375100946261243e-26,1.0,8.210319881481873e-13,8.210319881481873e-13,1,0,,"[0.25,0.25,0.25,0.25]",,"[[6.659422650794089e-29,8.407005599548802e-13,8.573246039890063e-25,0.9999999999991593],[6.659422650794089e-29,8.407005599548802e-13,8.573246039890063e-25,0.9999999999991593],[1.5566974620755623e-18,2.371323125041759e-22,2.0915747450483807e-26,1.0],[7.466283679332628e-25,3.1060641468863006e-18,6.828867440806363e-27,1.0]]","[3.8917455220927965e-19,4.203510565527599e-13,4.355984557173257e-25,0.9999999999995797]"
73,85,i85.jpg,1,2,2,1,2,1,1.0,1.5054122948868132e-16,0.0,0.0,1.0,0.0,0.0,1,0,,"[0.25,0.25,0.25,0.25]",,"[[1.0163036307929395e-41,2.6752272168036117e-53,1.0,1.090778728598849e-17],[1.0163036307929395e-41,2.6752272168036117e-53,1.0,1.090778728598849e-17],[6.393548842670985e-41,8.3493026913238245e-50,1.0,8.308477586048677e-18],[1.7717879226893188e-45,2.0138441764634728e-55,1.0,8.756494879310318e-20]]","[2.106583320762283e-41,2.0886683210497992e-50,1.0,7.55290427670469e-18]"
74,104,i104.jpg,2,3,3,1,3,1,0.74998467214602,0.40565120881452493,0.5000306557079599,0.4055329054780358,1.0,0.5479315289551187,0.5479315289551187,0,0,,"[0.25,0.25,0.25,0.25]",,"[[6.525291240711714e-42,9.79420333857732e-19,5.378432513096267e-25,1.0],[6.525291240711714e-42,9.79420333857739e-19,5.378432513096267e-25,1.0],[3.244445746331487e-39,0.9999999996727205,3.0135557563690293e-26,3.2727952424671405e-10],[2.0899052914608964e-38,6.13117431994201e-05,8.2093647891836865e-22,0.9999386882568007]]","[6.039137310855469e-39,0.25001532785397995,2.055105752446379e-22,0.74998467214602]"
75,47,i47.jpg,2,1,1,1,1,1,0.5016861024355862,0.4999958984947337,0.9966277951288276,0.4927032432607823,1.0,0.6268793359772536,0.6268793359772536,0,0,,"[0.25,0.25,0.25,0.25]",,"[[8.22001760909783e-28,0.9999999593783083,1.3297539367008829e-17,4.062169160809849e-08],[8.220017609097713e-28,0.9999999593783083,1.329753936700864e-17,4.062169160809791e-08],[3.416534616740787e-22,1.1058572125615667e-12,1.7956235349904786e-35,0.9999999999988942],[1.6069644522795292e-22,0.006744490984622157,4.008957145566077e-24,0.9932555090153778]]","[1.2558788772638837e-22,0.5016861024355862,6.648770685743654e-18,0.4983138975644138]"
76,0,i0.jpg,0,0,2,0,0,1,0.5471732478045079,0.5637757506843866,0.8819932957387759,0.384081315079729,1.0,0.6004956383591425,0.6004956383591425,0,0,,"[0.25,0.25,0.25,0.25]",,"[[0.8583330870865679,6.929589671000565e-22,0.09434649560955127,0.04732041730388093],[0.8583330870865679,6.929589671000515e-22,0.09434649560955127,0.04732041730388093],[6.803973539263435e-34,3.107860839547409e-14,0.9999999999999689,6.344839130526683e-22],[2.285698905510925e-18,4.605589723662991e-19,0.9999999999989602,1.0398247345524877e-12]]","[0.42916654354328393,7.769767585091097e-15,0.5471732478045079,0.02366020865220042]"
77,60,i60.jpg,0,2,2,1,2,1,0.9970900117402035,0.014354047932919837,0.005819976519592984,0.0014580572443694273,1.0,0.02755812436662714,0.02755812436662714,1,0,,"[0.25,0.25,0.25,0.25]",,"[[1.6365320535765913e-21,1.0670063320248432e-34,0.9941800234804445,0.005819976519555475],[1.6365320535765913e-21,1.0670063320248432e-34,0.9941800234804445,0.005819976519555475],[5.936832459965373e-51,8.819190152199487e-36,1.0,2.901614787589508e-21],[9.519180484544273e-40,4.1980188639163276e-38,0.999999999999925,7.494428848948504e-14]]","[8.182660267882956e-22,5.556560918645183e-35,0.9970900117402035,0.0029099882597964735]"
78,70,i70.jpg,1,2,2,1,2,1,0.7040158821584376,0.438195466433234,0.5919645997934637,0.34835599848855725,1.0,0.53443766487432,0.53443766487432,0,0,,"[0.25,0.25,0.25,0.25]",,"[[4.1998275549516167e-32,5.791267527261595e-29,0.9985763399853056,0.00142366001469456],[4.1998275549516167e-32,5.791267527261595e-29,0.9985763399853056,0.00142366001469456],[4.3064825848244644e-30,1.45435586449407e-05,0.0003276037806193066,0.9996578526607358],[2.649632570601719e-32,3.7902222142807644e-17,0.81858324488252,0.1814167551174801]]","[1.1042438654073785e-30,3.635889661244651e-06,0.7040158821584376,0.29598048195190124]"
79,62,i62.jpg,2,2,2,1,2,1,1.0,6.995533990280769e-16,0.0,0.0,1.0,0.0,0.0,1,0,,"[0.25,0.25,0.25,0.25]",,"[[5.010968109825656e-17,1.264203257305711e-44,1.0,1.7196921059113804e-23],[5.010968109825656e-17,1.264203257305711e-44,1.0,1.7196921059113804e-23],[3.8574731696952475e-17,3.39080305213087e-30,1.0,2.240850156063504e-22],[1.5966850578919883e-18,1.9119746225715117e-40,1.0,3.538781640929479e-25]]","[3.509769473783939e-17,8.477007630805232e-31,1.0,6.470818397216774e-23]"
80,45,i45.jpg,0,1,1,1,1,1,0.9668409729429819,0.10499742121343617,0.06631805411403624,0.03440414183370213,1.0,0.15343689004999786,0.15343689004999786,1,0,,"[0.25,0.25,0.25,0.25]",,"[[1.1255919736768932e-38,0.9999999930959023,2.06404293298368e-36,6.904097601667118e-09],[1.1255919736768612e-38,0.9999999930959023,2.06404293298368e-36,6.904097601667019e-09],[9.795441925630503e-33,0.8673716882470364,3.1924529817695096e-43,0.13262831175296352],[4.354339179329616e-38,0.9999922173330865,2.0393282717951133e-42,7.782666913523475e-06]]","[2.4488769952154422e-33,0.9668409729429819,1.0320220561352325e-36,0.033159027057018065]"
81,102,i102.jpg,0,3,3,1,3,1,0.7500025545714942,0.4056370377670015,0.49999489085701154,0.4056106826608792,1.0,0.5479601750158075,0.5479601750158075,0,0,,"[0.25,0.25,0.25,0.25]",,"[[7.625441274853199e-34,6.2425716498198455e-18,1.647305827444175e-23,1.0],[7.625441274853199e-34,6.2425716498198455e-18,1.647305827444175e-23,1.0],[2.0795793824713938e-34,0.9999890870736895,1.3070404175234386e-26,1.0912926310604993e-05],[1.947523749232167e-33,6.946403336912254e-07,2.0640554425978658e-23,0.9999993053596663]]","[9.201424856124866e-34,0.2499974454285058,1.3399935344759347e-23,0.7500025545714942]"
82,26,i26.jpg,2,0,0,1,0,1,0.9999999900779556,1.3905452771045987e-07,1.9844088816611816e-08,4.961022093345714e-09,1.0,8.83592657884318e-06,8.83592657884318e-06,1,0,,"[0.25,0.25,0.25,0.25]",,"[[0.9999999801559112,1.9844088775182667e-08,9.087007580500632e-23,1.095470180908758e-18],[0.9999999801559112,1.984408877518274e-08,9.087007580500632e-23,1.095470180908758e-18],[1.0,9.192062896324788e-22,5.559317367391438e-38,1.8279326555953758e-26],[1.0,7.389329349259929e-17,2.2370601003407212e-33,1.082973690665547e-24]]","[0.9999999900779556,9.922044406064905e-09,4.5435037903062435e-23,5.477353657676333e-19]"
83,51,i51.jpg,0,1,1,1,1,1,0.9999965517229735,3.377308975099136e-05,6.896554052948645e-06,3.4482898913590106e-06,1.0,0.0004883428735510573,0.0004883428735510573,1,0,,"[0.25,0.25,0.25,0.25]",,"[[4.584919479953285e-26,1.0,1.816067520677729e-52,9.8297021355074e-27],[4.5849194799531874e-26,1.0,1.8160675206776772e-52,9.829702135507188e-27],[1.3793108105571024e-05,0.9999862068918945,6.4945931318951394e-40,6.103195283362982e-25],[3.473419211438436e-16,0.9999999999999996,1.940073605558261e-49,3.6498515259423836e-27]]","[3.4482770264795913e-06,0.9999965517229735,1.6236482834597112e-40,1.5840719603331379e-25]"
84,49,i49.jpg,1,1,1,1,1,1,0.9999999991154304,1.3939490646944878e-08,1.7691392795171623e-09,3.4673284330523727e-10,1.0,1.6907547981898378e-06,1.6907547981898378e-06,1,0,,"[0.25,0.25,0.25,0.25]",,"[[5.0875552810452783e-23,0.9999999982919967,1.1247319463869137e-30,1.7080033383997278e-09],[5.087555281045206e-23,0.9999999982919967,1.1247319463868819e-30,1.7080033383997036e-09],[5.812168964374633e-27,0.9999999999491667,7.399941778993662e-39,5.0833331335022124e-11],[3.9602495780429727e-26,0.9999999999285616,8.321495839117914e-37,7.143851256560303e-11]]","[2.5449130071412408e-23,0.9999999991154304,5.623661830808303e-31,8.84569630175014e-10]"
85,96,i96.jpg,0,3,2,0,2,0,0.9999999944320501,8.038510026567231e-08,1.11303828376208e-08,5.550351753019651e-09,1.0,7.641266649085355e-06,7.641266649085355e-06,1,0,,"[0.25,0.25,0.25,0.25]",,"[[8.750722633451113e-33,1.0274444649903412e-20,0.9999999999990721,9.27998864774384e-13],[8.750722633451113e-33,1.0274444649903412e-20,0.9999999999990721,9.27998864774384e-13],[2.9617907249747884e-21,2.2067795858490867e-11,0.9999999777387798,2.2239152217254604e-08],[1.4208010263421606e-29,1.7611004171824888e-17,0.9999999999912763,8.723695755166838e-12]]","[7.4044768480007505e-22,5.516953372510982e-12,0.9999999944320501,5.56243297768483e-09]"
86,112,i112.jpg,1,3,3,1,3,1,0.9995862680772513,0.002623352620951881,0.0008274638454974781,0.0002068713116863145,1.0,0.008156784332796069,0.008156784332796069,1,0,,"[0.25,0.25,0.25,0.25]",,"[[1.863936083029605e-32,0.0008274500130226999,3.1761086360232588e-37,0.9991725499869772],[1.863936083029605e-32,0.0008274500130227116,3.1761086360232588e-37,0.9991725499869772],[6.739554929890848e-31,1.9047032748414907e-12,5.265136758826384e-51,0.9999999999980953],[3.1269954452591695e-33,2.766304486479009e-08,1.3437189579195968e-46,0.9999999723369551]]","[1.7859030252373402e-31,0.00041373192274874485,1.5880543183475723e-37,0.9995862680772513]"
87,115,i115.jpg,1,3,3,1,3,1,0.7501913262097678,0.4054874783993896,0.49961733928496754,0.4043559805953295,1.0,0.5473272942167113,0.5473272942167113,0,0,,"[0.25,0.25,0.25,0.25]",,"[[8.509376972107318e-42,1.3579107028292827e-15,3.799262403678903e-26,0.9999999999999987],[8.509376972107318e-42,1.357910702829273e-15,3.799262403678903e-26,0.9999999999999987],[5.108485175661387e-37,0.9992338748708373,3.318198709427663e-08,0.0007660919471756263],[2.874047762681069e-41,7.871081016066231e-07,1.8639708328401194e-16,0.9999992128918982]]","[1.2772356919942742e-37,0.24980866549473538,8.295496820168429e-09,0.7501913262097678]"
88,40,i40.jpg,1,1,1,1,1,1,1.0,6.418271874340234e-21,0.0,0.0,1.0,0.0,0.0,1,0,,"[0.25,0.25,0.25,0.25]",,"[[4.469628428012696e-22,1.0,2.2077173929947366e-42,9.97862502529191e-27],[4.469628428012632e-22,1.0,2.207717392994674e-42,9.978625025291767e-27],[1.9173202891842043e-32,1.0,4.625780127699441e-47,3.9399877030262953e-22],[5.6687422695374565e-28,1.0,3.8094936673708143e-47,1.1658961998247075e-25]]","[2.234815631239832e-22,1.0,1.1038797846818404e-42,9.853382929316565e-23]"
89,61,i61.jpg,1,2,2,1,2,1,0.9999999999726246,5.079238702386055e-10,5.099287658794083e-11,1.4487342902313559e-11,1.0,1.945042614999042e-07,1.945042614999042e-07,1,0,,"[0.25,0.25,0.25,0.25]",,"[[6.567738590369491e-17,1.2753285317270228e-31,0.9999999999533824,4.661756760005434e-11],[6.567738590369491e-17,1.2753285317270228e-31,0.9999999999533824,4.661756760005434e-11],[1.3374704548434883e-34,1.5031758606908437e-11,0.9999999999839699,9.983131823162758e-13],[7.327308953018195e-28,1.8874734843214558e-23,0.999999999999764,2.361393188918055e-13]]","[3.283869295203064e-17,3.757939651731828e-12,0.9999999999726246,2.3617396925329193e-11]"
90,12,i12.jpg,0,0,0,1,0,1,0.6818872485824108,0.45115888166446194,0.6362254857290356,0.3455385959283267,1.0,0.5381979326697026,0.5381979326697026,0,0,,"[0.25,0.25,0.25,0.25]",,"[[0.9999999843038763,1.5696123657727628e-08,7.096882791242339e-24,1.0780676221306969e-29],[0.9999999843038763,1.569612365772785e-08,7.096882791242339e-24,1.0780676221306969e-29],[3.866734233548564e-10,0.9999999311896838,6.842364282895105e-08,7.80328252168748e-26],[0.727549025335217,0.27245097466385443,9.28521440635744e-13,1.7217982891788898e-25]]","[0.6818872485824108,0.3181127343114464,1.7106142837597923e-08,6.25585538718016e-26]"
91,118,i118.jpg,1,3,3,1,3,1,0.9999999999998296,3.5207210783106355e-12,3.4083846855992306e-13,-4.0042831266252545e-17,1.0,0.0,0.0,1,0,,"[0.25,0.25,0.25,0.25]",,"[[1.0660515121499765e-37,1.734675297376267e-35,5.353111392166832e-22,1.0],[1.0660515121499765e-37,1.734675297376267e-35,5.353111392166832e-22,1.0],[1.5793556958676996e-26,1.910257306214001e-30,6.818872708692659e-13,0.9999999999993181],[2.0260439202744966e-34,2.1093272600225246e-34,3.784332734974048e-18,1.0]]","[3.9483892903736505e-27,4.776257331114878e-31,1.704727640681558e-13,0.9999999999998296]"
92,32,i32.jpg,2,1,1,1,1,1,0.9982318778366466,0.009632679438971083,0.003437402642223142,0.0017715123688835641,1.0,0.025745249142251417,0.025745249142251417,1,0,,"[0.25,0.25,0.25,0.25]",,"[[1.5901237339616932e-16,0.9999999999999998,3.997645164157154e-47,7.302060701267202e-18],[1.5901237339616594e-16,0.9999999999999998,3.997645164157097e-47,7.302060701267046e-18],[0.0003953658493377195,0.9929275123007554,1.3509311201232076e-49,0.006677121849906995],[8.885968306464806e-10,0.9999999990458313,2.6470987407925525e-51,6.557199514958822e-11]]","[9.884168448371706e-05,0.9982318778366466,2.0022660873473903e-47,0.0016692804788697511]"
93,116,i116.jpg,2,3,3,1,3,1,0.9999999999996563,7.0980034704611245e-12,6.874500968478969e-13,7.89370821568065e-14,1.0,8.244021051985525e-09,8.244021051985525e-09,1,0,,"[0.25,0.25,0.25,0.25]",,"[[4.1482353465250776e-49,2.723130303187687e-24,3.181575444453239e-39,1.0],[4.1482353465250776e-49,2.723130303187687e-24,3.181575444453239e-39,1.0],[1.0390806557440163e-23,1.3747149487123966e-12,3.5204078464704866e-33,0.9999999999986253],[2.928449697316049e-38,3.899548490294338e-19,7.294183295764244e-38,1.0]]","[2.597701639360048e-24,3.43678834668173e-13,8.801217878635834e-34,0.9999999999996563]"
94,89,i89.jpg,2,2,2,1,2,1,1.0,9.928312346631232e-17,0.0,0.0,1.0,0.0,0.0,1,0,,"[0.25,0.25,0.25,0.25]",,"[[4.637736423630395e-23,1.2273584609559556e-32,1.0,1.5845433110441e-33],[4.637736423630395e-23,1.2273584609559556e-32,1.0,1.5845433110441e-33],[2.0021815023697727e-20,1.9904662900648867e-17,1.0,1.3132711186845114e-25],[2.1208402460875455e-23,7.582874538914359e-27,1.0,1.5894323662647714e-31]]","[5.033944538657803e-21,4.976165727057941e-18,1.0,3.2831818495193596e-26]"
95,46,i46.jpg,1,1,1,1,1,1,1.0,5.3510031657500904e-17,0.0,0.0,1.0,0.0,0.0,1,0,,"[0.25,0.25,0.25,0.25]",,"[[1.300576226612173e-36,1.0,5.199756576536927e-63,2.5698588009492462e-25],[1.300576226612136e-36,1.0,5.199756576536779e-63,2.569858800949173e-25],[1.6656932495705593e-25,1.0,3.645671349638296e-48,1.0738571338752181e-17],[1.956737548906166e-32,1.0,1.0293477460344668e-58,1.77712598042953e-22]]","[4.164233613175814e-26,1.0,9.114178374353103e-49,2.684687391330496e-18]"
96,58,i58.jpg,1,1,3,0,3,0,0.9967873758717041,0.015617220016355087,0.006425248256568872,0.0016096586238086392,1.0,0.02929403322500515,0.02929403322500515,1,0,,"[0.25,0.25,0.25,0.25]",,"[[4.6013141420528464e-14,0.006425154291205549,6.328193363475088e-20,0.9935748457087483],[4.6013141420528464e-14,0.006425154291205549,6.328193363475088e-20,0.9935748457087483],[1.7001469597134042e-23,1.213146748505698e-11,1.3824098643069345e-25,0.9999999999878686],[5.083562086420479e-19,1.8791854929673886e-07,1.6911303181199085e-23,0.9999998120814506]]","[2.3006697803566758e-14,0.0032126241282729655,3.164522920341735e-20,0.9967873758717041]"
97,14,i14.jpg,2,0,0,1,0,1,0.9983785780288488,0.008682754774810158,0.0032428439423024535,0.0016242742932602633,1.0,0.02416048429802458,0.02416048429802458,1,0,,"[0.25,0.25,0.25,0.25]",,"[[1.0,2.824674497363394e-28,6.684313698224926e-18,1.4738258082608603e-27],[1.0,2.824674497363394e-28,6.684313698224926e-18,1.4738258082608603e-27],[0.993514312124565,1.5408945936817837e-22,0.0064856878754349905,4.93659209605336e-35],[0.9999999999908302,1.284816640898819e-27,9.16968748004566e-12,1.0431143577882372e-33]]","[0.9983785780288488,3.852282727992969e-23,0.0016214219711511728,7.369131772504998e-28]"
98,73,i73.jpg,1,2,2,1,2,1,1.0,1.3132190408686847e-18,0.0,0.0,1.0,0.0,0.0,1,0,,"[0.25,0.25,0.25,0.25]",,"[[3.8918671696349424e-25,2.0992067815162684e-46,1.0,8.21886955456712e-33],[3.8918671696349424e-25,2.0992067815162684e-46,1.0,8.21886955456712e-33],[2.4778564515719137e-19,4.644168022833759e-47,1.0,1.5745408641626443e-20],[1.371581396872719e-23,1.7977430922786213e-49,1.0,1.3280158818348494e-28]]","[6.19500348361485e-20,1.1661570271020479e-46,1.0,3.936352193611117e-21]"
99,38,i38.jpg,2,1,1,1,1,1,1.0,4.965234820429556e-20,0.0,0.0,1.0,0.0,0.0,1,0,,"[0.25,0.25,0.25,0.25]",,"[[1.7546471449733344e-21,1.0,5.209503023575019e-38,1.26818433974156e-29],[1.7546471449733344e-21,1.0,5.209503023575019e-38,1.26818433974156e-29],[2.024132470851433e-27,1.0,1.6605762920392258e-46,6.454330493254423e-21],[9.09720041971669e-25,1.0,3.716519113369972e-44,2.755702449781665e-26]]","[8.775515085302777e-22,1.0,2.604752445068729e-38,1.613589518910652e-21]"
100,106,i106.jpg,1,3,3,1,3,1,0.9999999857494228,1.9599602134094863e-07,2.8501154325510925e-08,1.0875113734754827e-08,1.0,1.2869460887883334e-05,1.2869460887883334e-05,1,0,,"[0.25,0.25,0.25,0.25]",,"[[1.3947937808632713e-30,6.506237538043121e-10,2.7887198766646885e-23,0.9999999993493762],[1.3947937808632713e-30,6.506237538043121e-10,2.7887198766646885e-23,0.9999999993493762],[5.642255163096175e-44,5.27257921392711e-08,5.606073407849814e-37,0.9999999472742079],[2.9252090726561335e-39,2.9752689404475957e-09,2.773529726175387e-31,0.9999999970247311]]","[6.973968911629521e-31,1.425057714683183e-08,1.3943599452661825e-23,0.9999999857494228]"
101,31,i31.jpg,1,1,1,1,1,1,1.0,4.697478540822481e-20,0.0,0.0,1.0,0.0,0.0,1,0,,"[0.25,0.25,0.25,0.25]",,"[[2.3212160818244446e-29,1.0,1.4955677485319464e-41,5.004674052991779e-28],[2.3212160818244116e-29,1.0,1.4955677485319253e-41,5.004674052991707e-28],[3.725973488003439e-24,1.0,2.727502559012936e-44,9.423219379834673e-21],[1.918932492950565e-27,1.0,7.05122325605488e-45,2.6464555527275323e-25]]","[9.319847112045067e-25,1.0,7.486420304871226e-42,2.355871256581189e-21]"
102,108,i108.jpg,0,3,3,1,3,1,1.0,1.3275568021130498e-24,0.0,0.0,1.0,0.0,0.0,1,0,,"[0.25,0.25,0.25,0.25]",,"[[1.2120671744778721e-48,1.3307764082206803e-25,1.6576829827222233e-29,1.0],[1.2120671744778721e-48,1.3307764082206803e-25,1.6576829827222233e-29,1.0],[1.7054342711870597e-39,3.571319877293606e-29,4.503530582690407e-43,1.0],[2.835141761042795e-46,1.9879708650302663e-28,1.185983000794555e-37,1.0]]","[4.263586392813425e-40,6.6597447982353e-26,8.288414943260804e-30,1.0]"
103,48,i48.jpg,0,1,1,1,1,1,0.9999999999999952,9.85058182786951e-14,9.547918011776346e-15,7.966600011394727e-30,1.0,9.223837258764291e-15,9.223837258764291e-15,1,0,,"[0.25,0.25,0.25,0.25]",,"[[9.53885126776355e-15,0.9999999999999905,2.8301730218065366e-37,4.546570004870757e-27],[9.538851267763415e-15,0.9999999999999905,2.8301730218064965e-37,4.546570004870692e-27],[6.737382509890353e-31,1.0,9.932905119674052e-23,1.2516666308913179e-33],[4.698003552633726e-23,1.0,5.052144733721483e-31,2.133047979598876e-31]]","[4.769425645626751e-15,0.9999999999999952,2.483226292548889e-23,2.27333864155151e-27]"
104,77,i77.jpg,2,2,2,1,2,1,1.0,4.929497734822258e-25,0.0,0.0,1.0,0.0,0.0,1,0,,"[0.25,0.25,0.25,0.25]",,"[[4.873527409195879e-26,3.23935609605868e-50,1.0,7.289467837011231e-28],[4.873527409195879e-26,3.23935609605868e-50,1.0,7.289467837011231e-28],[4.915576352645351e-36,7.835116607259028e-39,1.0,4.5196709649483324e-36],[3.0380204802122857e-33,6.912253512798116e-47,1.0,6.504932372077495e-34]]","[2.436763780671341e-26,1.9587791691115874e-39,1.0,3.644735556037886e-28]"
105,76,i76.jpg,1,2,2,1,2,1,1.0,7.382402156500424e-30,0.0,0.0,1.0,0.0,0.0,1,0,,"[0.25,0.25,0.25,0.25]",,"[[7.407688739237148e-31,6.123170166565947e-54,1.0,7.42531547391148e-39],[7.407688739237148e-31,6.123170166565947e-54,1.0,7.42531547391148e-39],[2.7394835811715265e-36,5.4319709262796074e-55,1.0,2.2562712026691463e-49],[9.157259083342285e-36,2.930844277759154e-57,1.0,1.38261327601487e-46]]","[3.7038741114752353e-31,3.198117067509404e-54,1.0,3.712657771577479e-39]"
106,7,i7.jpg,1,0,0,1,0,1,1.0,3.4163740232395355e-17,0.0,0.0,1.0,0.0,0.0,1,0,,"[0.25,0.25,0.25,0.25]",,"[[1.0,3.3581060487059305e-18,2.162624431333568e-24,6.272377501845357e-38],[1.0,3.3581060487059544e-18,2.162624431333568e-24,6.272377501845357e-38],[1.0,1.0402832550064699e-21,1.3884808492708476e-19,2.733080107656627e-28],[1.0,1.0095829469433624e-22,1.2999380614265837e-24,2.449137545551233e-36]]","[1.0,1.6793383347403964e-18,3.471342752850221e-20,6.832700333506194e-29]"
107,103,i103.jpg,1,3,2,0,2,0,0.9999919029731111,7.431801702347486e-05,1.619405375741234e-05,4.048536735417777e-06,1.0,0.0006700862902322947,0.0006700862902322947,1,0,,"[0.25,0.25,0.25,0.25]",,"[[4.034686460675165e-14,2.2058494456747074e-29,0.999983805946277,1.6194053682735856e-05],[4.034686460675165e-14,2.2058494456747074e-29,0.999983805946277,1.6194053682735856e-05],[2.6035053627600224e-30,8.203527666653261e-28,1.0,6.468849484040065e-20],[1.464553693828974e-23,3.85695325538173e-30,0.9999999999998912,1.0889436418497575e-13]]","[2.0173432307037205e-14,2.1708167720855045e-28,0.9999919029731111,8.097026868591535e-06]"
108,63,i63.jpg,0,2,2,1,2,1,1.0,5.465542706714509e-22,0.0,0.0,1.0,0.0,0.0,1,0,,"[0.25,0.25,0.25,0.25]",,"[[5.48429827355689e-23,3.848967908294869e-59,1.0,9.422598021706825e-45],[5.48429827355689e-23,3.8489679082947597e-59,1.0,9.422598021706825e-45],[6.69339938273092e-31,1.9389861558295275e-54,1.0,1.3422708917710382e-43],[1.8701309378379505e-28,1.7081205176651288e-59,1.0,1.7391900741922116e-46]]","[2.742153828839288e-23,4.847700540982175e-55,1.0,3.831155105698417e-44]"
109,119,i119.jpg,2,3,3,1,3,1,0.9999999999999903,2.002495419265745e-13,1.9317880628477724e-14,-4.0042831297583475e-17,1.0,0.0,0.0,1,0,,"[0.25,0.25,0.25,0.25]",,"[[1.890294199062008e-41,5.12092127655485e-30,2.013020628365112e-18,1.0],[1.890294199062008e-41,5.12092127655485e-30,2.013020628365112e-18,1.0],[6.137601180677966e-33,3.8785111162037875e-14,9.613294684622233e-25,0.9999999999999611],[7.22730965626826e-39,6.794276990297008e-23,3.9321296790474437e-22,1.0]]","[1.5344021114483766e-33,9.696277807495167e-15,1.0066088577568996e-18,0.9999999999999903]"
110,69,i69.jpg,0,2,2,1,2,1,0.99999999999985,3.0977484250236632e-12,2.999822612537173e-13,8.121379668758968e-27,1.0,2.930164390979842e-13,2.930164390979842e-13,1,0,,"[0.25,0.25,0.25,0.25]",,"[[2.999816782567144e-13,1.074565159701782e-36,0.9999999999997,1.539574732665502e-35],[2.999816782567144e-13,1.0745651597017973e-36,0.9999999999997,1.539574732665502e-35],[3.912694834300239e-48,2.8205158212330608e-43,1.0,4.559079891186424e-44],[2.491401072411495e-32,4.279305537994635e-42,1.0,6.698644975026266e-42]]","[1.499908391283572e-13,5.372837201901748e-37,0.99999999999985,7.697875349386453e-36]"
111,78,i78.jpg,0,2,0,0,2,1,0.5433488384426555,0.49728559414812407,0.9133023230984858,0.34020863127515627,1.0,0.5530746272980979,0.5530746272980979,0,0,,"[0.25,0.25,0.25,0.25]",,"[[0.10698838614291986,4.334253703639754e-24,0.8930116138570802,9.40068636594515e-30],[0.10698838614291986,4.334253703639754e-24,0.8930116138570802,9.40068636594515e-30],[0.991660016120979,6.943937924740724e-13,0.00833998381420761,6.411906536029172e-11],[0.9677585653638029,6.201624760917813e-20,0.03224143463619706,7.57579822766312e-22]]","[0.5433488384426555,1.7359846362474716e-13,0.45665116154114127,1.6029766340262327e-11]"
112,59,i59.jpg,2,1,1,1,1,1,0.9999999999951555,9.453934543214536e-11,9.688916335903741e-12,4.844411476414608e-12,1.0,7.708168595433057e-08,7.708168595433057e-08,1,0,,"[0.25,0.25,0.25,0.25]",,"[[2.6172507355159077e-22,1.0,9.427627252066866e-45,7.719048393640737e-24],[2.6172507355158893e-22,1.0,9.427627252066866e-45,7.719048393640681e-24],[1.937796197806048e-11,0.999999999980622,5.068973527318295e-39,5.548510756841996e-26],[8.383888043551804e-17,1.0,1.1439383571246113e-43,9.663554218167743e-26]]","[4.844511454366092e-12,0.9999999999951555,1.267276694102128e-39,3.8975543592578796e-24]"
113,54,i54.jpg,0,1,1,1,1,1,0.9999999979218944,3.1467484324422184e-08,4.156211153016898e-09,1.0312907938562332e-09,1.0,3.1896844546453394e-06,3.1896844546453394e-06,1,0,,"[0.25,0.25,0.25,0.25]",,"[[1.2880440583102083e-21,0.999999995846613,1.5240818948738077e-28,4.153386928045917e-09],[1.2880440583102083e-21,0.999999995846613,1.5240818948738077e-28,4.153386928045917e-09],[3.539996412853625e-22,0.99999999999996,8.523083312197445e-22,4.005506792143196e-14],[7.167118248750173e-23,0.9999999999943916,3.6909183186442336e-26,5.6084891099376105e-12]]","[7.504397350983202e-22,0.9999999979218944,2.130863863048275e-22,2.0781056000674233e-09]"
114,29,i29.jpg,2,0,0,1,0,1,0.9981531277815404,0.009716452193345163,0.003693744436917945,0.00092466066979396,1.0,0.02078882936394183,0.02078882936394183,1,0,,"[0.25,0.25,0.25,0.25]",,"[[0.9963062570239037,0.003693742976093598,2.6167635137570507e-15,7.089149377074694e-17],[0.9963062570239037,0.003693742976093624,2.6167635137570507e-15,7.089149377074694e-17],[0.9999999999812998,1.870023246300104e-11,1.3143371994031438e-34,3.9064600073742947e-19],[0.9999999970970541,2.902945983670309e-09,1.8043129816380672e-27,2.6151245657033515e-20]]","[0.9981531277815404,0.0018468722184583595,1.3083817568789764e-15,3.554994619697208e-17]"
115,41,i41.jpg,2,1,1,1,1,1,1.0,3.55990793296262e-16,0.0,0.0,1.0,0.0,0.0,1,0,,"[0.25,0.25,0.25,0.25]",,"[[1.1582760000525384e-22,1.0,4.646403341096067e-47,1.7325962054403204e-30],[1.1582760000525055e-22,1.0,4.646403341095935e-47,1.732596205440271e-30],[7.126848574126616e-17,1.0,1.032511595862917e-52,8.833232765805049e-20],[8.555485544207927e-20,1.0,4.9745129746851654e-52,6.202421494518093e-26]]","[1.7838568062977065e-17,1.0,2.323216688109427e-47,2.2083097421432658e-20]"
116,56,i56.jpg,2,1,0,0,0,0,0.9999473764460806,0.00041195267432306954,0.00010524710783876845,2.4282186962916187e-05,1.0,0.0021546581433338177,0.0021546581433338177,1,0,,"[0.25,0.25,0.25,0.25]",,"[[0.9998958288833824,0.00010417111661767369,2.5132209186335587e-33,9.723743564273291e-25],[0.9998958288833824,0.00010417111661767591,2.5132209186335587e-33,9.723743564273291e-25],[0.9999980857267492,1.9142732502222498e-06,5.691095243109818e-25,4.053950421049623e-16],[0.9999997622908082,2.377091917480297e-07,8.792193174310194e-32,1.2095139314524873e-22]]","[0.9999473764460806,5.262355391932998e-05,1.4227740431483886e-25,1.0134879125027606e-16]"
117,33,i33.jpg,0,1,1,1,1,1,1.0,2.592247470716899e-18,0.0,0.0,1.0,0.0,0.0,1,0,,"[0.25,0.25,0.25,0.25]",,"[[2.336229485676937e-19,1.0,4.0594695872188327e-57,8.56017568734707e-31],[2.3362294856769036e-19,1.0,4.0594695872188327e-57,8.56017568734695e-31],[4.187584510266358e-21,1.0,6.016701620557225e-53,7.510369570149678e-30],[4.879601492472077e-20,1.0,2.6052325176390835e-57,3.2276639746809435e-31]]","[1.3005737414259279e-19,1.0,1.504443509431608e-53,2.3862927762717938e-30]"
118,79,i79.jpg,1,2,2,1,2,1,0.8338968094774097,0.32445317021654685,0.33219354006001534,0.20928630434414994,1.0,0.4079725506318495,0.4079725506318495,1,0,,"[0.25,0.25,0.25,0.25]",,"[[3.25108840565611e-08,8.978586673235022e-30,0.9999999674890896,2.6320166186663865e-14],[3.25108840565611e-08,8.978586673235022e-30,0.9999999674890896,2.6320166186663865e-14],[4.781548085974536e-05,6.909010352820556e-14,0.33559083250963245,0.6643613520094387],[3.4834379635746603e-06,9.307310222086262e-23,0.9999964704218273,4.614020905250488e-08]]","[1.2840985147858287e-05,1.727252590531967e-14,0.8338968094774097,0.1660903495374251]"
119,95,i95.jpg,2,3,3,1,3,1,1.0,1.305626604933708e-15,0.0,-4.004283129768647e-17,1.0,0.0,0.0,1,0,,"[0.25,0.25,0.25,0.25]",,"[[4.223480408050981e-26,3.658738996111081e-26,1.4138758839250528e-18,1.0],[4.223480408050981e-26,3.658738996111081e-26,1.4138758839250528e-18,1.0],[1.488932738804599e-18,1.6849753345508295e-16,8.438309279914716e-17,0.9999999999999998],[1.1691109112998813e-22,4.776356754997624e-22,4.823942016019188e-18,1.0]]","[3.7226243359133426e-19,4.212450279098331e-17,2.3008696645754116e-17,1.0]"
